filename,score
20210916_094041_1_11zon_a5aa3ebd56fc41019c761823cb02a8b5_jpg.rf.905b31cd85c4c2ccdcd74f2bcbb16cc2.jpg,73.1
20210916_094128_3_11zon_d1c9618cc1ec4f73ab86c6b0ad3843da_jpg.rf.39ddcc0213c2ab3535b3fc38668bd3bb.jpg,60.9
20210916_094142_5_11zon_b1a54277671f48f5be1fdbe0eb13a445_jpg.rf.d1acb6437d69e412022c3d8cc14820cf.jpg,60.2
20210916_094158_7_11zon_3f7f3f61e51a40879468ca54f0ff1d80_jpg.rf.77ee68911ee38d042dadf2f659dde31c.jpg,75.1
20210916_094158_de5e003feb77470ea2e271c290f7af2f_jpg.rf.d27931acc3ee3ce732cb16534827b6de.jpg,76.1
20210916_094444_10_11zon_075bbdddea8647eeae9dc0507755e0bb_jpg.rf.09ba8907b45c019684e39005115f904f.jpg,49.9
20210916_094528_11_11zon_a377746b77f14714b764095c535edd24_jpg.rf.8b50533a49f582f3f63be6913ee9aaef.jpg,43.6
20210916_094534_12_11zon_1e7760dd21784d20a8a7474573273a45_jpg.rf.455995f0f8690b02b8368eaccc3ee426.jpg,54.0
20210916_094538_13_11zon_9ee738dd355d43f5bdb02cf5d9a22617_jpg.rf.4f891bfa99c60400b4c2577205006520.jpg,56.9
20210916_094547_14_11zon_c059bfce3a1a45a3b9e3d89fad3789ed_jpg.rf.34a543c986a4fd3ac08b21c7413ae196.jpg,53.8
20210916_094611_17_11zon_e88bf65374a54f5c915f1b8d4a6c49de_jpg.rf.427592ec33eceecbb1630a717ce585c6.jpg,44.4
20210916_130059_18_11zon_b03b86006c3445e39b5f464f5a585fa9_jpg.rf.db18f3ef6b090b7e8179795a3195d909.jpg,71.6
20210916_130205_23_11zon_45732b7b4f1c414ea16c365dac1a1661_jpg.rf.0101e17797d2aa894f5ef528eaef7dce.jpg,89.6
20210916_130210_24_11zon_fc085e1ef529412cb3ac3347fc2ffa4f_jpg.rf.995c461ca36dfa15eb3f85757d9efa3e.jpg,84.0
20210916_130303_31_11zon_751422ec91bd4f4a807937065eb7a5bd_jpg.rf.184bee54cce6cd612c70108289cc5af7.jpg,55.5
20210916_130306_32_11zon_0fedff1e05934785953dc8fb1eb562c0_jpg.rf.d7da7ff06cb2646e81faffe4464ffc1e.jpg,46.3
20210916_130313_33_11zon_f0fb7e21aa8e40b5b8560c7e2c8c99f2_jpg.rf.5a672d09a5afe5729eb3efe1b943592b.jpg,57.6
20210916_130358_39_11zon_cfc6db9c8f7d40ff95b9b06ff49dc43a_jpg.rf.2b6cc45fb4bdf823f4cda31c6d958722.jpg,42.8
20210916_130359_40_11zon_3eca1dbeaf18489b9888949af9332add_jpg.rf.a80e6d80a899740e627975a206fb0700.jpg,42.5
20210916_130401_41_11zon_751eee4e35474cd09a9c368c0570b729_jpg.rf.40982af705338043c18369f8e0a81543.jpg,41.1
20210916_130404_42_11zon_dece1fa04ee1445d94c58241b50d48e4_jpg.rf.61c46fd7aadae072eb7392eb2bdc41f3.jpg,41.9
20210916_130423_44_11zon_723d646aaf21490f9909043a8fffe05a_jpg.rf.023c5cb3dfcd7fd68f36418a3b7e92f2.jpg,39.3
20210916_130427_45_11zon_02b4f9e788724638ac00db8440bbec4f_jpg.rf.26b037d76bb5ff8907b43969592d25e1.jpg,38.7
20210916_130430_46_11zon_09752f1ad5e74f0db855663e6dd1bfe8_jpg.rf.12b72a13800d92d24d603c1fbcacfd7b.jpg,41.6
20210916_130433_47_11zon_8528c6be1c3040b4a8a5d74f982d7e95_jpg.rf.1c0f802b0c4b970ae04fac05b162be02.jpg,40.4
20210916_130435_48_11zon_cf81400471f74379a70315c185b83f0f_jpg.rf.0d9085d7fcf2aff9a1ff24a1319f8daa.jpg,37.1
20210916_130441_49_11zon_533f7d0a51d74c47a3a2346fe24f467f_jpg.rf.4a32519534b06aeea26ea598234d173d.jpg,70.3
20210916_130448_52_11zon_643cd19a32514925b6013eb57b7bdcf8_jpg.rf.ad11ac7a73f152f0a29690f794306c48.jpg,50.3
20210916_130453_54_11zon_bba9374b3bf74e7baa2341559a5b629c_jpg.rf.b37f0bca2beb13da802a314d1e5b559c.jpg,56.5
20210916_130508_56_11zon_54a3911d52fd409ba51e3ad089519523_jpg.rf.118693225179841bb7f6fe96d87f4ba3.jpg,41.9
20210916_130511_57_11zon_82a60ac0b10a4806b20edccdf54c5344_jpg.rf.9a570e6f9241237744578872746cef61.jpg,48.9
20210916_130521_59_11zon_de0867dd86914427a4f8be470b4d3a43_jpg.rf.f6b0e2142732986b1400d87aba0d7527.jpg,37.2
20210916_130522_60_11zon_62b10c76f22b42389c7fe747cce0dd23_jpg.rf.7e67d73ae430b38470512a1e60535383.jpg,41.6
20210916_130531_61_11zon_80c5b5456ee941559fbe9d45547cd9d8_jpg.rf.ac9b0d1507cad1961024ab144fb150cf.jpg,39.0
20210916_130534-0-_62_11zon_59e9f4eb355743f19e4b842da4af4e5d_jpg.rf.a9b916ac7e9e4b45c44f88ae39939709.jpg,40.4
20210916_130534_63_11zon_455fda2ed37343908cfb261a3414c7d0_jpg.rf.14f3d2bf4c48edcbaebc5d8efdb209f2.jpg,39.7
20210916_130538_65_11zon_934bf5e1366c42f584cc848fb1d9532b_jpg.rf.1d1d66bf2507c7f38fe4ba6c2be52e90.jpg,35.9
20210916_130542_67_11zon_5b01ff57e4534c9ead4a6bbbf307f313_jpg.rf.db1456182aa91852b8476037d738fce6.jpg,37.7
20210916_130736_69_11zon_da9f6f491fa847e2a244ea999cb2a6cc_jpg.rf.d9c3e2ffa5c75ab1e36d27507b2d147f.jpg,21.3
20210916_130739_70_11zon_3aad01d2d4d84915915bffbb7c6681ab_jpg.rf.b73358c1ba149a586d8a1bf72d179f41.jpg,27.8
20210916_130817_72_11zon_6ac40079d8e04efe90614f22604ef1d2_jpg.rf.6ed3acb43e4323fd5260bbb96f810020.jpg,31.3
20210916_130818_73_11zon_2880280fd7d54fa18fdefa95eb8f3f02_jpg.rf.d5053bf9e55dc0f9cff35a08b89825f6.jpg,32.6
20210916_130819-0-_74_11zon_26dcca07b84e4e188179692a52000a58_jpg.rf.e25352e5c9dcc6195f8ba82846d5d2a6.jpg,30.1
20210916_130819_75_11zon_941d4aedc57f470fbbcb7edffcbeb8a8_jpg.rf.e22f14c11b93f9c63cc66e1ad6b1c5c6.jpg,36.4
20210916_130825_77_11zon_caeaa16fe69a40609d99fd4b804440fa_jpg.rf.8756a882dbc49b27b97273fdb496f323.jpg,33.3
20210916_130828_78_11zon_63e39c3d7d5844cf8c973b8d36c6960f_jpg.rf.f7946c2cb7c73b24f1a78dad2fefb026.jpg,33.6
20210916_130830_79_11zon_09357c4972764d3a9a14cafb402cd22a_jpg.rf.65141fa443ba7ae9a5ed1be6e2d238c3.jpg,32.9
20210916_130831_80_11zon_38fe8c228b05489fa77e758ba116e103_jpg.rf.0a8775ac7c31c498f98139556e4ea512.jpg,32.9
20210916_130833_81_11zon_16101846972446528ab78701db7c848a_jpg.rf.090975e61d2d5ca3cdafee1b57e1f946.jpg,32.4
20210916_130834_82_11zon_e9ffa1299d834c34923a98b7d792fabb_jpg.rf.bac0c0c7cbd7857225c11d24834e52ef.jpg,32.1
20210916_130836_84_11zon_abba609910654bab9f998a97ba9fe8b4_jpg.rf.bfd4be5de97b6d56b4a49c823c069c55.jpg,34.2
20210916_130838_85_11zon_255fd17a12ae494d888daf14e55dbb72_jpg.rf.d5c0d8e0d750f9ee328cca56780594bd.jpg,38.1
20210916_130845_86_11zon_a9cee1fba8a44d119fa7d1f1940e6c3d_jpg.rf.0aacf3074ae8a8163ed58ea57f274969.jpg,45.7
20210916_130851_88_11zon_0aac717005f8412e8db4297c0c41b162_jpg.rf.d4a7a90a0991d31b26f9b63af4231fe9.jpg,47.7
20210916_130852_89_11zon_80edb4e86f8347fbbd39c381a7f2be81_jpg.rf.83bb353e8edf0606bc2cd3db7d8c641f.jpg,50.9
20210916_130856_90_11zon_327b9e1cb8814cbfa728ffa8945cdf1a_jpg.rf.a26dc66493b1787b440855622731ac57.jpg,59.6
20210916_130900_93_11zon_b5849d0f7d394086ad921e1c4f7759e4_jpg.rf.300778822b22397115222000ce8b3e9f.jpg,48.7
20210916_130928_96_11zon_c0532cfaf4144deebca089122be61134_jpg.rf.2a7d7b2fb90833b8cde8623874eeb62f.jpg,43.7
20210916_130929-0-_97_11zon_06a98fecffdd47a492e43f0e3a030c84_jpg.rf.f2ebf94b70fe2f4ba815678579663c3f.jpg,43.3
20210916_130930_99_11zon_25331fb4f86240ada6e3ae74f042b55c_jpg.rf.895f346882bc30cc80bf4d8770a37d1c.jpg,46.6
20210916_130931_100_11zon_1752cc7442ff483d84c3b41f98fa8fff_jpg.rf.2b562f7eeef6366461c8016d50c8c06d.jpg,40.5
20210916_130933_102_11zon_d54f36a8fe9b453fa0a5664e49c454ae_jpg.rf.824ee795ca0604d9089f2fd985df2195.jpg,38.8
20210916_130935_105_11zon_182e642a92db40dc9b164a9417a95261_jpg.rf.054d7d830d32b22f56f16156b903e9b3.jpg,38.1
20210916_130937_107_11zon_ef9e271bad9f4023ab1c4990eedf3267_jpg.rf.607e3d030c1ae4ac7d5d07ddd41e3b18.jpg,44.8
20210916_130938_108_11zon_12b85987e6f4475bbdcf37c3ef76fad3_jpg.rf.651478d7e634d61cf26757bcf55c9edb.jpg,49.1
20210916_130939-0-_109_11zon_f1a3d18fc90c41e298ffd13c2dfed4fd_jpg.rf.24bba85410bc8ea28f5ed6d4cc2ce1d7.jpg,51.0
20210916_130939_110_11zon_8b09338f812644828a024212e64d18cc_jpg.rf.9750cd6ad72a27de32cb54ea6c31df9f.jpg,46.9
20210916_130941_111_11zon_ba31fa311fa04fb2a78864054606bf59_jpg.rf.2c8631d48584ddc76a147b3ddcee2c32.jpg,43.7
20210916_130943_113_11zon_734b009e42c144fbb8b615ba4c1bf547_jpg.rf.a4a627ce94047e6dc49abf3a93b8f9e9.jpg,35.3
20210916_130945_114_11zon_4e7682d22c3c4899964803ed8fbd1cf9_jpg.rf.87ab4959425fae41eb26854f9a49d4e2.jpg,40.1
20210916_130946_115_11zon_c3fcd7d0d5f24c1198345ec2b3778e5c_jpg.rf.7b9e5fc81734c5ebd623134d3cbe6096.jpg,38.8
20210916_130948_118_11zon_4693a49aa4dc4b40984573253961c514_jpg.rf.9744704ae4bc2edbb08b9372a5a13c34.jpg,46.9
20210916_130950_120_11zon_34964523184d464681266b353a4336fa_jpg.rf.f834661c5277c3a7b7aa584addd066fa.jpg,53.0
20210916_130953_121_11zon_893bdcc180184ba2b48711981bbcc0bf_jpg.rf.a6883d89ac47414241ac06c84f8490a7.jpg,42.5
20210916_130956_123_11zon_69844f85f89c4fca885c91399b478fc6_jpg.rf.3bae278627c259cc8c504c7e5fcc40b2.jpg,35.1
20210916_131000_127_11zon_5e4b7eac34fe47b1b62dda1f72137d7b_jpg.rf.6542c570d3cbdef69d8f716a7875953d.jpg,37.6
20210916_131002_130_11zon_a82467c80c3e4392b9010116433d7489_jpg.rf.dc69ffcad49a8a90a5ab24a793f01e9b.jpg,41.3
20210916_131003_131_11zon_46b4d7e3b1bc4e4099092c9819a887c6_jpg.rf.c84c7c4f40e67923c5f3eaf6553cdf24.jpg,45.0
20210916_131004_132_11zon_1b9d5213b3a1448c94d8d8eb1eb9959c_jpg.rf.3633a089c60dcf3828a2616f6217a2c0.jpg,42.7
20210916_131005-0-_133_11zon_8da16842de0340658a8503ff1199bbcb_jpg.rf.9a15eda9c3c15617f8337b2c9f1ab3c4.jpg,44.5
20210916_131005_134_11zon_ab8d63e205fe41e89b3e42c007b539e8_jpg.rf.801c084b5b1774779ea63fc09718a23e.jpg,47.3
20210916_131007_136_11zon_7407f00ab41a4d4c8eaf94c87919306b_jpg.rf.d3b1732fed73a3a8bea880ed216ffdaa.jpg,50.2
20210916_131008_137_11zon_5d63bd974aa1424c886981766686228f_jpg.rf.a314e3886d22d33212c0286859621526.jpg,46.0
20210916_131009_139_11zon_7a61c896b16a411186f682ef4f00a6c8_jpg.rf.97478a878a2df10dcd6ae3e327d8dfb4.jpg,48.3
20210916_131010_140_11zon_1a1c8bbd5633491f8e71d347689004b6_jpg.rf.cb8e9108090ae7ef1e3762e50dec5d9d.jpg,48.1
20210916_131018_147_11zon_cfc84344ae88494c9c8123fef129f425_jpg.rf.a77e49148d6dd2f3efdfc5f600fc9507.jpg,53.9
20210916_131019_148_11zon_0b3c762109944f84bf2420c29e0ee58a_jpg.rf.3651af4b1ccc3a0a4c18ed16ace64eab.jpg,51.9
20210916_131020-0-1-_149_11zon_f0a361f42bb149bf89f846062064e0ce_jpg.rf.ff8ce82ab58f8e96613d2cb33ac5e1f6.jpg,49.0
20210916_131023_154_11zon_d960a9b71bf84d7d985491f3beeda681_jpg.rf.aeb115e44c82443669c26771137489a6.jpg,46.3
20210916_131026_156_11zon_96ab6923d4ee48d6bdb765fa0a17c62a_jpg.rf.6b59063af2a9ca84dc76e50bf6723a1d.jpg,48.3
20210916_131028_157_11zon_c8c3445810454ce09e6cb3cd99e5e8f3_jpg.rf.f1358f78e7f50c258dd8fc6e50e5c084.jpg,49.0
20210916_131030-0-1-_159_11zon_5102d02cdd284204a08e2842f2cd56df_jpg.rf.8e8d5a54bbb6dcd1bda4d079e28751a0.jpg,47.1
20210916_131037_168_11zon_25e070ad8be14229957690b04b5e2a01_jpg.rf.c291d66d10f83af8a0f6a1209dbb2f7a.jpg,48.2
20210916_131038_169_11zon_3665daf24f1346e9bc48f8558e118e64_jpg.rf.9c6630a85005b808acf4369f2b2dfd1f.jpg,49.4
20210916_131039-0-1-_170_11zon_f560329cb631464b882b49195cb32c75_jpg.rf.df76b09ad358d35a7638cac1dfb4e7fe.jpg,54.0
20210916_131041_173_11zon_2184be4aacbd418e8f6eec4ee1153a05_jpg.rf.c7b939189cb4d289d07a6cf160589c83.jpg,50.7
20210916_131042_174_11zon_e3d472c160124b029c20866f86364a24_jpg.rf.9f4b0e38cb5ce0b071073b60d371f069.jpg,47.9
20210916_131043-0-1-_175_11zon_eff75a06dc0f4092915920e6fc2ac721_jpg.rf.841e22e6d8a6a8a7fddba095bb2a62fe.jpg,46.5
20210916_131045-0-_178_11zon_728d10f9a53e490297e2d33b7d799715_jpg.rf.5794b6142021b13f28e450d2334f54cf.jpg,44.4
20210916_131046_180_11zon_88c359321f364f32bc3eb599c39a6c24_jpg.rf.854b493895df9298848d7be7118f7657.jpg,48.6
20210916_131047_181_11zon_c41da850a66f49609cb9475101c58dda_jpg.rf.685b7a04f56cee0c4f82a86690ccb2b5.jpg,46.5
20210916_131048-0-1-_182_11zon_555622d822f7418094d5765e6453b882_jpg.rf.dca23e6088e9837761b4ac48e65fa6bb.jpg,47.6
20210916_131051_186_11zon_bffdef9db7824c0bb621b548bf93c061_jpg.rf.16b5f6611caca8f3046cd16912183de8.jpg,49.8
20210916_131052_187_11zon_36f4bd60afc8468b83b32ff734da495a_jpg.rf.24a2d347ec827ff429a55b2185518556.jpg,50.2
20210916_131053-0-1-_188_11zon_8849349d072b4fa483cb917da98f5951_jpg.rf.89f7a0ebe59a0aa8e288558eac4f5eb9.jpg,49.1
20210916_131053-0-_189_11zon_ed30a39ba247470b8221b59f32e6744c_jpg.rf.f786a73ff901c6239c40aeccae36ef1d.jpg,49.0
20210916_131058_194_11zon_b69e5c8f12cf4ce2a944b2f0a46d57ec_jpg.rf.37cf48ad925e7a449d66c4d6bc64d6ea.jpg,49.3
20210916_131103_199_11zon_49e31e4f54604fceaa5c6bf9dd0d249e_jpg.rf.a199c0745fd8454d2c407f92b72efe3e.jpg,52.4
20210916_131107_f13ad6de2e654725967e3b8242c9dca4_jpg.rf.ba28684579cd58a35f66e2174e592679.jpg,52.5
20210916_131108_e118e883166e4aac89fd13ffb4af2b43_jpg.rf.d1f2535bea234f8e0e5cc5534a2339ff.jpg,51.7
20210916_131109_201_11zon_2c20a60f760842faa5db6a5cd381df2c_jpg.rf.58a0863ccd6a51bb2a64e6b5a45a796c.jpg,54.8
20210916_131110_1dcf0f768cb74faf85e464edd617c576_jpg.rf.4b8b45b4da50e45d5f55d79d996cfdec.jpg,56.3
20210916_131110_202_11zon_f459d47a76aa4fea9a5c2fb1170e0a9b_jpg.rf.5c199a5db37deffbd9ecc02ca77d5904.jpg,55.7
20210916_131111_203_11zon_f77faa292b24467fab0e3c81c716ad1e_jpg.rf.89f8f7ee06b126a777db74482feec60e.jpg,52.9
20210916_131113-0-_205_11zon_e26b5f2fafa64f4bb83232225ef527c5_jpg.rf.f783fd73ffc7b773680f439da2a794fe.jpg,50.4
20210916_131114_207_11zon_993686438507432aa1c9cce48fd48c13_jpg.rf.893fced0f47f23b4b34ce084cf7679e1.jpg,50.5
20210916_131116-0-_90ffe5a73cd3425c99e0a306c0fd023d_jpg.rf.3aafa19dbbdf89c5b721d9f54c75d344.jpg,48.0
20210916_131117_6ccc46d75f624911ae9e249138334741_jpg.rf.a28125ef10bfcb2b37b55e8c2aa1e52f.jpg,49.3
20210916_131118_212_11zon_f9cd9d2061e2439a8544de44b7ab5655_jpg.rf.fbf290a90524da9349e4089f85d9ce3d.jpg,48.5
20210916_131118_e6ee2e8f8cfa43dd80a59a2e0d745446_jpg.rf.b5c93172b91d6c27c5c5fd791966bb56.jpg,48.9
20210916_131119_9ebc4ef5e4974844af85174fdc122554_jpg.rf.339e69684f9024323f5a6e50e0518cfc.jpg,52.1
20210916_131121_215_11zon_183ccf64e06049aaa1b287c29141b998_jpg.rf.69dd28bcb7a8453c7c99df6c0f265cff.jpg,48.0
20210916_131121_99a019ca9bcf4397ab2be1e797df9acf_jpg.rf.979cb2c5f19e065c69be29612182cd73.jpg,48.2
20210916_131126_219_11zon_2a86ca0de4a24498a51dd39532fcfe8f_jpg.rf.4693dcea2e1472254415fa05063c0cc4.jpg,50.0
20210916_131127_220_11zon_79a0276f4abf46338cc5cad0a44194a0_jpg.rf.8efb3b8186ca40db64014be0ae23e582.jpg,48.4
20210916_131128_221_11zon_06c056f6f83f4544ad874cd22934dee5_jpg.rf.63154407af00ff67e1a7b302f270f13c.jpg,50.5
20210916_131129_222_11zon_9629d4be0cea444c927186800b11a55c_jpg.rf.5bc0bbe41e1a12d3f1e3e0fed027a5ad.jpg,52.9
20210916_131131_225_11zon_b0ea3030762f472da83fc42e3c4f57a0_jpg.rf.d9dc0bca44ea71eeefc8b3b1700d8fe4.jpg,48.8
20210916_181039-1-_249_11zon_9f95b2fff4754498a4af34c06f090faa_jpg.rf.46cbb51068e400122c19fafcf4f66356.jpg,84.9
20210916_181041_227_11zon_04a02af492aa4ca188c049b0b219586f_jpg.rf.13027daa532470c28fb8d64125257c32.jpg,85.6
20210916_181046-1-_228_11zon_f6b2137cb39540c28bb71c96ab0ddab9_jpg.rf.2a52bb242b77d4174a5c339913a45d2b.jpg,86.9
20210916_181050-1-_230_11zon_2345434feaec44ad8a6916c30bbc1993_jpg.rf.f90eef09da3fe3d509a6a6effb40da11.jpg,87.6
20210916_181052-1-_232_11zon_a9fc83cdccac4959a8a7ff614d8d9cc8_jpg.rf.2e74415d7411d06092efb4883007804b.jpg,87.1
20210916_181102-1-_257_11zon_8cee2f98657c46438fbe359980d6499f_jpg.rf.aeda900dbb7e08a5e8a260d441ad100e.jpg,85.4
20210916_181111_234_11zon_303451618cad496cb1b2273852552de2_jpg.rf.b7a7e7bf4f14f71074461ff1ea3ef194.jpg,86.5
20210916_181123_239_11zon_7ccf0d735f574b1b8870c867853d8039_jpg.rf.9f02884588cbbed133a1c98312bdb165.jpg,81.6
20210916_181125-1-_240_11zon_744d3918086643a188b4f58e5405ea1f_jpg.rf.4fd7a59d843da9d1084d6d443e6815f2.jpg,89.2
20210916_181134-1-_258_11zon_004fd5785bd94ded9384289904f75835_jpg.rf.ed3e6ebf36d6cddbeaa0cfb512debe47.jpg,85.5
20210916_181157-1-_260_11zon_875d27d005ba4c30a300ac19249d6943_jpg.rf.4d4ffa876ec35fa8e6a90b4e20ecca24.jpg,87.2
20210916_181159-1-_262_11zon_4099def1d9b844c4b0c419858345c63f_jpg.rf.68d4f4b227d1473c92b37af449ee0cf3.jpg,86.3
20210916_181224-1-_269_11zon_e14ff09debd140918f4e901a660ded10_jpg.rf.e1906107865ba4d605729181836f808e.jpg,86.6
20210916_181228-1-_271_11zon_99221db4e21b434cac0483ff23706dcb_jpg.rf.72f250e0fa2cec5234c670406d5f44ba.jpg,83.7
20210916_181242-1-_275_11zon_aefc08a2f0b14baaa5ee0da3118ee976_jpg.rf.861519560b65630c5462918209790166.jpg,84.3
20210916_181310-1-_281_11zon_539c3ea84720401fb5103fa2e7335c44_jpg.rf.f6b78b6d8908f8ba383cbc65bbe7acd4.jpg,89.0
20210916_181313-1-_283_11zon_d88c30172ba6406f8ed59186c81727b1_jpg.rf.0d0c0b43fd8304ba092c2d9c495fd7f7.jpg,89.2
20210916_181322-1-_287_11zon_a2b322664d704498a2ac92af20d12d3d_jpg.rf.32392b4a670a5b01f73d795c86c35351.jpg,88.6
20210916_181404-1-_291_11zon_d78b8c8ae13446138506c87822a3261f_jpg.rf.263bfafd2d85a94303400323f39045fc.jpg,88.2
20210916_181415-1-_293_11zon_bed130c1ad2c4d84a2d1f6bab8883d9b_jpg.rf.14e64aa933eb7fca364567ba0edef8d3.jpg,86.1
20210916_181430-1-_295_11zon_11e697b130054df192530e7e7122458b_jpg.rf.ae50f76be8e0a0d2608000a5b1e87528.jpg,83.6
20210917_104745_299_11zon_17f6008aa0414a0e9b57918d887cf70c_jpg.rf.06d63eb82a7800e0c1debea8db7a2c4d.jpg,82.2
20210917_104808_302_11zon_ce8f83c4624f4428a2a10792c6f12b89_jpg.rf.0eaf1976d50894afb67f86dca6c7a6b2.jpg,83.2
20210917_104811_303_11zon_07b3f5c937054ab49dcfd418be061d71_jpg.rf.ee8db8d8701d771c148aabd75150f99a.jpg,91.1
20210917_104814_9739cb9db7b248ce8da480a9868cd955_jpg.rf.63468c8de93503ab4f1c34784eed1575.jpg,86.0
20210917_104824_306_11zon_6ec9ac06ba8b40188e10ee3cb510accd_jpg.rf.271294f2154464fb0f1dfd43c6f4da41.jpg,87.0
20210917_104824_8701e3c54f424e0cbd3edee4e62514f1_jpg.rf.94aea2e3ef4ef88520223441042bf2d9.jpg,87.1
20210917_104836_b44df2bcbfea48abafcd7418359f7fd0_jpg.rf.487d59760428998eeab403a498b2db86.jpg,84.0
20210917_105203_531c1b1f56ae46caae7e5d8d61cefb11_jpg.rf.5b6221ce0ac1e81d6f329aacbeb3ef3e.jpg,72.7
20210917_105209_22c5aa300d3443e5a62470f0594509bb_jpg.rf.cd3e797f355e5eaf74e6a10f8e8dcfe6.jpg,80.1
20210917_105211_312_11zon_6b904afc62a84c8d82238c1316daa077_jpg.rf.cee0bef7dcc52a9b4790a472e0bda429.jpg,89.5
20210917_105227_18_11zon_8f1dc7fd9e194ccab6bc6a27e5282678_jpg.rf.a2a0b230d93a15bf61db9c5efc4c5c85.jpg,53.0
20210917_105227_4228a1aa46f94b5cb647bb61f89adba2_jpg.rf.40a9c4550d9b7629ad91e20604a8fed1.jpg,53.2
20210917_105229_19_11zon_8eb3b531db644c7ebdcb24ebf88c3417_jpg.rf.b9cb8c02855059942273d95f049b17b4.jpg,56.0
20210917_105248_22_11zon_a95a4c7560d1428ab6af4957bd5a6484_jpg.rf.74bf1120f9b8bd0d297b121003f8b45b.jpg,55.7
20210917_105248_2c239c45f0fa453db2fc0667826d2eb9_jpg.rf.66111b71b0ddfcce25edd6e40ec09eff.jpg,56.2
20210917_105250_23_11zon_fc0543aa38384402968347435f0258f5_jpg.rf.43eaf6e8da2559ceb7dcd1e7e82e4f0b.jpg,67.9
20210917_105250_cde5e0cc158b4f5784f9f5e13530e0d4_jpg.rf.ee3a1b6b6e80d7873ffbaf22f9291cac.jpg,68.3
20210917_105253_7d781a6a67e340cf8e5396c1fb018962_jpg.rf.ec89e9f772d5cdf4413dcf9dc01c23db.jpg,53.7
20210917_105258_9_11zon_426640c5befc46d7b59eafe17af770db_jpg.rf.b2e87bf050414392f42d68f217017682.jpg,84.8
20210917_105258_d425fe674ed3456781b82284e93e7666_jpg.rf.2c9f7092bc32781a0a41a951e5ddda29.jpg,84.9
20210917_105300_84e98ff8273d4745bc3121c1f6a3e3d7_jpg.rf.e3d6c9785d22b984a2a7801f5737eddd.jpg,74.1
20210917_105309_12_11zon_46393c782192438aa2feb47857189b12_jpg.rf.ec988b4785292a8aa163e0b7246cb107.jpg,65.4
20210917_105319_16_11zon_6451546513b5410a86ccbadab4f7570f_jpg.rf.45d5feca8b7f871b14e056e63d5f0466.jpg,63.1
20210917_105328_26_11zon_d47c0a3f4f6c44f78a0e691d6d0af62d_jpg.rf.8a70db5d6174969622a29eadc90f28e0.jpg,67.1
20210917_105329_27_11zon_7fa0896c68c34148a615c822e64f094f_jpg.rf.47df1cb735ff376e76b41b633a703dbc.jpg,67.8
20210917_105330_28_11zon_d822dd9c273e45e2a33f74ecb142a3fd_jpg.rf.c80c2f40fe33bba714c4eb4bafe11659.jpg,64.8
20210917_105338_937909c5b5f24b20a91a574568ca9bb1_jpg.rf.3fd6f20e2e546557581c0fa21cc8573d.jpg,81.4
20210917_105348_30_11zon_a5c0d58c6e974c7f99b6018f4e59abf7_jpg.rf.70f8a836bd3a06b354ee7ae4f58726a8.jpg,71.4
20210917_105350_31_11zon_f92993eae7794f698738331b076a8e68_jpg.rf.35cf98560363c49bf192ea4539d4f63d.jpg,69.2
20210917_105429_05516bca658d4cd7a386bf61cbce0c2d_jpg.rf.0984a61cc4bc933682ed1407d251c81d.jpg,67.2
20210917_105429_32_11zon_0e8b54151fcf46e1b6d82526833a85ee_jpg.rf.21b8b3385944fe5b2be72b823a37a38b.jpg,67.1
20210917_105433_33_11zon-1-_0bd67b1c330f485b8879bffa41735579_jpg.rf.a92c1c610a1a24fc83731dac1d2e0155.jpg,60.3
20210917_105433_806f7477433b4b47ad39a69c04701c39_jpg.rf.993427562a3ac9eaa90f362bc520c724.jpg,60.3
20210917_105443_35_11zon-1-_deeeb30bf91c474981566db947f87182_jpg.rf.106a725e0228bba8bd1cb9e4ea9be8b4.jpg,71.2
20210917_105444_36_11zon-1-_cc800e04347a4adfac55f392b654e6a5_jpg.rf.60c3040545f306a5cd255aa15d77b641.jpg,75.0
20210917_105458_41_11zon-1-_e960388ac3774decac61311b500b3c5e_jpg.rf.9b3c574158477f7dae8969368932c8f9.jpg,54.1
20210917_105459_14ffdc06034441528ad6608997017295_jpg.rf.625e7ad70ec73198c7f1eeaa02c457bb.jpg,69.7
20210917_105500_234645a6f7f14912823dca09d1cdab39_jpg.rf.b9518b483429ff9e4de0bcc11a872c26.jpg,64.8
20210917_105503_f64e6625d1584a40b9b7f165416aab72_jpg.rf.b02a3251af5731154ca1c51d1a5445db.jpg,64.9
20210917_105511_46_11zon-1-_810e416d885e4581ba6a852fe3d304ff_jpg.rf.ae5243d0c33f7fae6622c93aff7453ad.jpg,90.0
20210917_105517_48_11zon-1-_d486b481cc104278b3cb6a3aaed3cd7f_jpg.rf.e868309d75803238089ed8df3dcaacea.jpg,29.6
20210917_105520_51_11zon-1-_7ac734ce4e5b4108944ceb2a202c2596_jpg.rf.98b710d1329524fe060dbcb41233ff08.jpg,67.1
20210917_105534_56_11zon-1-_8f11908304aa41459e8a5ef498ae38cc_jpg.rf.4edb7c3983f2ee120cb53c9c49042690.jpg,92.3
20210917_105535_57_11zon-1-_abf0b86380f740d89617af81f892bf68_jpg.rf.c635a4f6ea426305df5d8b242cf5ad2d.jpg,92.3
20210917_105541_58_11zon_f915e3f29e8247d1b4258b3ddf631f32_jpg.rf.2e56dcfb8d3d4a53f7424248df52dd21.jpg,92.5
20210917_105929_71_11zon_9c6f0f4ee5364487b612196046357a26_jpg.rf.23401ae8d08d6960486138d0ea2e4f00.jpg,63.2
20210917_105936_74_11zon_8bc032deddff40f5820b1353be27c3d9_jpg.rf.744670f1e52f91ed3bcf16998144a042.jpg,66.6
20210917_105937_75_11zon_d2a1e82d671e408981067fc124ee70c9_jpg.rf.6e4172913318c0cdc076ad9909362b2b.jpg,77.6
20210917_105938_76_11zon_3487ccb2f6204ba9b12ed07d8881e5a2_jpg.rf.42d9a81be3b10797c2b36486f51b04bf.jpg,83.9
20210917_145859_82_11zon_a4c7261cc2994b10b3dafcefe2277019_jpg.rf.aefd129f73a15e347cb5e947942c0820.jpg,67.2
20210917_145901_83_11zon_71efecea8e814ceba4eab3ff4eb50679_jpg.rf.f5b4995abaebfbb57636d574545f524c.jpg,64.0
20210917_145948_85_11zon_9bc914e236864e9eb43195e194c12f1a_jpg.rf.ff5aebd5398e8be3efd8b525392e8268.jpg,70.1
20210917_150015_91_11zon_d145599d9889426bb99140f50baa040f_jpg.rf.95ad3e249f59adf277e071d0f57ef961.jpg,64.1
20210917_150114_93_11zon_04889e96aed24681bfdc682a5c2d9daa_jpg.rf.d37c08b1fb03da52cbe72fced56f5af2.jpg,62.9
20210917_150116_94_11zon_477917fe63fc467ea9964cf36a0c71c3_jpg.rf.f253b796b219b27d57ac8271fb95a0ea.jpg,84.2
20210917_150118_95_11zon_49567c32bdbd4da2847a0aa609e1d64f_jpg.rf.d9ae1f3a18f67e2656d64ec3e8dd0746.jpg,78.0
20210917_150122_97_11zon_947534240df24d2fba87c26de7e1285e_jpg.rf.e1d845c8cd8e8f4228c05a5383e04ada.jpg,74.8
20210917_150139_98_11zon_7e46a8c4a6594564b04bc820b772bac4_jpg.rf.32f4d8f4a1b1688018a275d1121edc84.jpg,70.3
20210917_150245_103_11zon_59a29fa815e446bfb4e018e483a0c42a_jpg.rf.6b292509e5753e6a2f624bed215f6f8c.jpg,54.1
20210917_151218-0-_8860c635d081445a93d57388517f5067_jpg.rf.a7027235751451a2f27d8ecc13a29c2a.jpg,67.8
20210917_151218_461ac3e0b0b44cab80ff074fae189802_jpg.rf.7963a9e4f74b0bf53d53fc7d76f22e34.jpg,68.4
20210917_151224_3_11zon_37_11zon_29_11zon_26_11zon_9ed022aae2734369bcb547e8809a93c1_jpg.rf.4ffceac19cd593476d422cb5390f22d5.jpg,74.7
20210917_151224_5911f35e35c74a8c94f54c0c936f5dbb_jpg.rf.97ade2839dfacf0bfc852f9ae2cc0786.jpg,68.3
20210917_151230_2de828b6c2ae4ff994fefbea0404ab19_jpg.rf.8946a5c74b290d4d9f0245f26757d057.jpg,66.0
20210917_151233_2279bde525f5482690d31c5d811d8f0c_jpg.rf.690ee70db70f585882b9dddec2ab9fe5.jpg,69.7
20210917_151233_4_11zon_8_11zon_38_11zon_aeb32dd199e444f2b85e4bcd80eb768c_jpg.rf.3b5ddd99b4ff5e5bbd4fd9a7b9cba2e2.jpg,77.6
20210917_151303_5757e81835434e9d8f18a73a09d08996_jpg.rf.d011377c91a12d39e6b275c3ee2d0ce7.jpg,84.3
20210917_151314_178865149efa40b08dac15bff81f20fb_jpg.rf.c8e3f803f57eeaf8162ba8e1dc879e12.jpg,78.4
20210917_151349_11_11zon_42_11zon_7af4a250755745f69fb3b22a599bcb46_jpg.rf.0e8280746d4f7f61cd876c16cda84e03.jpg,82.7
20210917_151351_56563fc0ff6240bcb8d900ef21eca193_jpg.rf.3ab0e75926b41404ff9041ff9c4caaae.jpg,82.8
20210917_151404_ec8566b004784437a68eb073121b35e6_jpg.rf.37168bed139f165c01b85f5f10f010f1.jpg,83.5
20210917_151405_13_11zon_16_11zon_a4813a8b0fbb4c0094f96e282b1b5365_jpg.rf.7ae9d50606156da1996f3344f70b5541.jpg,82.1
20210917_151405_3e16a2a6d43a4afcaca303410b54b004_jpg.rf.7c8178f9a2176489042b475f48a2a8ee.jpg,82.2
20210917_151407_7dfb7bb688e8471ebadbc0425fb99541_jpg.rf.f7e1fb3144f58105ed04e7f6b0393dcb.jpg,80.7
20210917_151412_2_11zon_23_11zon_0c972b1ee42c451db0702fa8af70b3e6_jpg.rf.bbb7aac02bf1f143353ec297831955f5.jpg,86.0
20210917_151419_15_11zon_2_11zon_6b97b8c9bf6043d6ac401099eb7ea90d_jpg.rf.943f109b0bde78d1f643410805e7ca74.jpg,90.2
20210917_151419_4ff0170153eb4fe8b8f95eb17ffac7da_jpg.rf.c1694b016c474186863ae1f396c3220f.jpg,90.2
20210917_151425_16_11zon_26_11zon_fe7390a3b4b8457cbdbee8ce8a375425_jpg.rf.c7441294a0fad88b2ce179be506af5e6.jpg,91.0
20210917_151442_db19e5508fb44dc6bc2807f4fd332a78_jpg.rf.0c968051593ab02097893cf821b98774.jpg,33.5
20210917_151452_6b640d0072b348969cf6f54d32df9438_jpg.rf.70614649b17cbd6e152601f9b7a88bf5.jpg,79.5
20210917_151453_a2f8648f04514970bdc590b40640af07_jpg.rf.c52160d772d1e6ea37f94febfbbe391b.jpg,79.0
20210917_151457_2147df6e33cf441e85831fb53c800000_jpg.rf.5c2feb9d395b898916855b57b05adc80.jpg,91.3
20210917_151500_91a8978f1683486c828a8559890560bb_jpg.rf.98b4864b7c0945d248a07dc8a4cc8216.jpg,85.9
20210917_151502_4b0871be8a6f47e7b7694aabba4de8e9_jpg.rf.6ad08a7a8f365ca2d7fd73131d68a512.jpg,89.0
20210917_151504_fe8b43b6a74a486197d2f1d2338d6aa9_jpg.rf.7e87b6c26320fe7cd3491a22d6970685.jpg,90.2
20210917_151511_4161ede2f01747d6af307db8c88fd34b_jpg.rf.8a15b2b0b756029e3032c6afb2854f04.jpg,90.3
20210917_151526_ec955b206afa412180a731f95ba475fe_jpg.rf.5c25322ecf96dbd565ab679d1f20ed18.jpg,84.3
20210917_151527_1_11zon_14_11zon_da05f20e65d3497191c0ac3a8a03d594_jpg.rf.a84e77d8df89532f6f7f717ce51ce589.jpg,86.3
20210917_151529_8313d5b74c114b1fa19df531e0bbc269_jpg.rf.812f0920cd6512a3d040754d7aaa41f0.jpg,82.0
20210917_151530_a141a8899e6b4fe3a5335108224eb9b0_jpg.rf.d7395812b2d945937240577bccb1378d.jpg,84.8
20210917_151541_805df98c0a5d48d5825b8406a8ba704f_jpg.rf.b78dace1166beacc8ebebe6f607d5e39.jpg,80.8
20210917_151542_07c825f5e047409c8cab7fec5ec47d8c_jpg.rf.9544a231d94292986d069feb25b63472.jpg,76.0
20210917_151547_b248b0da66b34a2d956f63242e1f1989_jpg.rf.353c45d2182d808c95049d86b09a2e6a.jpg,66.0
20210917_151602_e62bd02c95834e32882fc59e81460278_jpg.rf.fbd61966d6028d9bcf6e12d4a2a79bac.jpg,75.1
20210917_151615_35fb7f4a2c82479b8485a44f0a2691a9_jpg.rf.592cd55b3dd2982a8bbf9caec8a8a911.jpg,81.2
20210917_151621_98261228a819407c8df4386676a01840_jpg.rf.c6995ba5c49d29570dbcff7963d364c2.jpg,88.8
20210917_151628_e327abf34ef449269852ecb5d6d4c7e1_jpg.rf.7b8dcb9681458a97757b12c261df1afc.jpg,91.0
20210917_152059_47d286232bda4a43811d93e04c0b9dc4_jpg.rf.92b89f85c41daf50a2cb789cde79b76c.jpg,69.2
20210917_152100_2_11zon_22_11zon_2_11zon_12_11zon_13_11zon_20fe7e0d932b423f9641dc389144d1b0_jpg.rf.91a50ea4617323f63abf5777808ee59b.jpg,70.2
20210917_152100_80979bfebb3d4114b700baa93b355faf_jpg.rf.27e25c82a4745705dcfaf33a7591e7f3.jpg,72.1
20210917_152103_ec28b7bb300d4482b1b3f9db2d12035c_jpg.rf.2b33dbfbab2da4d40cdd600bdda7ce7c.jpg,65.6
20210917_152110_41878c3d55144ac9aced60c013786068_jpg.rf.2a906c939bdd2af2a6d0a53a2ce5551b.jpg,69.2
20210917_152112_5_11zon_5_11zon_4409d092b58b4153b96b36aad2b9c7c8_jpg.rf.6dbc176f98371e036725b3f4dec08053.jpg,78.1
20210917_152112_efee4d60f507447db4861f6522b4227a_jpg.rf.a0b11759e26d2166e1dfe79ec0f108f7.jpg,73.7
20210917_152113_f2c687f68a1f4840850e7211ad9f3879_jpg.rf.da4b7cbbbfc35bd61a9aa6e010563234.jpg,74.4
20210917_152121_1e19e7c44dcd4046ac0817f75083cb98_jpg.rf.49b9a5f2e04a8d9f9d93fed17584632d.jpg,88.6
20210917_152133_e0044942d6c94cb08282cd43ab8e01ea_jpg.rf.63236a18301194fb45c2b80032bf62ae.jpg,90.8
20210917_152206_c08ebe60a4cf4b76af9cb5a1daeb5ec0_jpg.rf.06e26b79e8cb7d97de62857ff0f4309d.jpg,86.7
20210917_152210_a21a444c6d324a43b9cd9a73f32fe292_jpg.rf.9b015c43a0acd7ebc491d8fa22806a43.jpg,86.5
20210917_152212_11_11zon_19_11zon_26_11zon_8_11zon_8_11zon_52e3104e85124eed81c0c8f5ef97ed8a_jpg.rf.b824e3c5c7b7691470ff805d2d5a71a6.jpg,86.9
20210919_151004_e4b751f253b648d8980daf1b8dd0effc_jpg.rf.a60dbf583a5418108abe15e9e22676df.jpg,79.1
20210919_151007-0-_95698fcc1406487ca3100ff1631cfb4b_jpg.rf.f5be998497c5843d74622eda0755e4f7.jpg,85.1
20210919_151007_b37ec819919d4dac85c2b81b94977e07_jpg.rf.3141fc6b9ea93846af3f017c72fcea72.jpg,84.1
20210919_151022_d09ce05bf328459396180f384232a45b_jpg.rf.ba45921ef7f099355a1a9a24f0896f2c.jpg,76.1
20210919_151033_94141e81a4e7425b85fca050bfd95148_jpg.rf.59a070ef2663abfb93fe05b8db9ffd0b.jpg,77.8
20210919_151038_80892751b4034dd081fa6c5706268c67_jpg.rf.ca14ef779f52a5d3a468c7f12ef89d46.jpg,80.5
20210919_151056_18_11zon_27_11zon_64cc2e3b17dc4c8e9368b294288ad0a3_jpg.rf.0cc6dc0592077f70872b7a71ffdf274b.jpg,86.1
20210919_151056_9bba6ac6b4ea4bbb853082ac07d4c624_jpg.rf.43a23d9cd314627eaf1934cda91f3203.jpg,86.2
20210919_151058_47431781cebf40f3afc37959fe8a4fc3_jpg.rf.a48fe75a5e247ccbd3c15747a310afd0.jpg,86.9
20210919_151059_af697d7165d34cc480acd83504ace0f0_jpg.rf.c71082b82d83afb80d272a29300c8636.jpg,88.3
20210919_151100_39b8a143afae4064aa56d994e395681b_jpg.rf.2d8ab2dc98ef0f21ee46d72ee76f1fe5.jpg,86.5
20210919_151101_10ea1d014106449a9a08285426d42d5d_jpg.rf.418f56457d0184b140885dbf8b99ae73.jpg,84.2
20210919_151102_3262cbd897b74d40adfd7a4a0bcb46aa_jpg.rf.5b913267a1c0a28c61a74407eaaec010.jpg,85.4
20210919_151103_e7145bf406f44ad5af42ca0373551631_jpg.rf.c7775d2dde98015cb9af2a354e68cc56.jpg,75.6
20210919_151109_d9d05462381a4bc0aafe0a84ab4b0da8_jpg.rf.b30d77d2971f0fc8898a5034ddf95745.jpg,70.6
20210919_151124_0241478fb89146848197979117b745d5_jpg.rf.05aa29308070d3be6a89b9c6801aa0dc.jpg,74.4
20210919_151131_9ea1168831604a49bd628fc69b6f7924_jpg.rf.01c8084b57cab3edfeb88ce3f6216870.jpg,78.2
20210919_151132_fc6e0eb19f8e40a08b3a373e4cadf676_jpg.rf.ef0a0a8c09df1a52b0ce04d640b9c651.jpg,75.9
20210919_151137_22d5c6dee6f3418bac61c6b130182ef5_jpg.rf.1f489291574253825b1b0261bf43eebb.jpg,82.6
20210919_151141_10_11zon_25_11zon_47_11zon_f2466f43cf824e1c97968046cd38f1ee_jpg.rf.811e86c715c85a4380594dc1a94a0b5b.jpg,85.8
20210919_151141_520566a4ae9646fd92af21ad2f36e6a8_jpg.rf.cbc3c7437350c3b9bae713f96dd54866.jpg,84.9
20210919_151142_8a3b98dbbdf4430095c5cf76f8c064f2_jpg.rf.f6a58cd07d699310c8c7b1cb1d8514a3.jpg,82.9
20210919_151144_b309396b94944a1fb0dd2c70483b671a_jpg.rf.74079f215d8abb90df83d7d50ed8ab6a.jpg,80.6
20210919_151155_12_11zon_3_11zon_4_11zon_30_11zon_479d1b6035384401a8356097be7b2b1b_jpg.rf.f1eb3f5ba0cfccd27237c340400dfc45.jpg,84.3
20210919_151155_12_11zon_3_11zon_52_11zon_f4fd369d4b2f42fb844da74a7dbb145e_jpg.rf.064a3e964910e45b2ed23083bd052b34.jpg,84.7
20210919_151156_02a098f5ee99464a8c40f6d917af44c1_jpg.rf.586813e8470c9638a2ce8b9b7670a749.jpg,73.8
20210919_151156_13_11zon_23_11zon_25_11zon_6693e9708bba4c7ab4a0f62ac3d3d100_jpg.rf.7427707d53f13957cc27e533d7efd7a7.jpg,81.5
20210919_151157_2cb71038f93c48e0b0b064a1604033b7_jpg.rf.2cc6695a80826b8bacaf27ab94ce418a.jpg,65.3
20210919_151158_3c2db33e876e452b8860269850bc5b2f_jpg.rf.c7ae5c4ea8f24cd881056494fd014105.jpg,70.6
20210919_151159_16_11zon_22_11zon_96c40e08c1aa46218c95cbd99628cc99_jpg.rf.754fddf81eb26a7adbb9a4cb9ded88db.jpg,80.8
20210919_151159_a8e0927cfa2b4d6a8067397905262d52_jpg.rf.e5c2cbcd5f6fa36614978106ee4c61dd.jpg,72.1
20210919_151211_aa6aef4f41a6464c8200e76f142700ad_jpg.rf.ab81041e60c13db134c95c4a64b90524.jpg,79.6
20210919_151248_56541c984201408a9a6adc8a2cb6df56_jpg.rf.de1a0ec3ecc47601e393208b8030e9c7.jpg,83.0
20210919_151249_57601885fb664d82a523e1f81c73452e_jpg.rf.44381946245c4e15d999f2e8c9dab308.jpg,83.2
20210919_151252_3_11zon_32_11zon_31_11zon_32_11zon_21_11zon_9c9a8d24c074438cb544ced46a9f6305_jpg.rf.2b364690a77f158b0dec1f85f6d84e4e.jpg,86.5
20210919_151252_8ef4af53b348416e9d56c2c1d33d4549_jpg.rf.90c432364778e23d10bb954832f86ca1.jpg,87.3
20210919_151254_b93aa5527cfe4d91b871233ee0d5b811_jpg.rf.1a831f730b91bc5601d9649f447d1649.jpg,86.8
20210919_151255_4_11zon_34_11zon_32_11zon_36_11zon_22_11zon_92f6f509e3da4540bd088dfb202bb3af_jpg.rf.2049f48f81673a2c9a6133f2a8c6f67e.jpg,79.4
20210919_151258_5_11zon_21_11zon_38_11zon_6dda911aeac14d0d88da281d2400db51_jpg.rf.dc5fb93b189ca10c165b7a0d84d76ff9.jpg,70.8
20210919_151258_642b4b2779c14f4dbdd71476c5aa2ac2_jpg.rf.6b48875cef0fbe6e919e355ae9637c44.jpg,68.2
20210919_151259_e57f2871d35f43168bd043c3b89ee2f2_jpg.rf.aae97ca698cae40ddb037ca212641358.jpg,67.5
20210919_151308_6_11zon_8_11zon_19_11zon_37_11zon_5501644215f44371a2c23af02d591b58_jpg.rf.e9dfeca786e30fe7d06156684b06a6be.jpg,85.2
20210919_151308_6dc707efcf4f4b1ea490866d5195549e_jpg.rf.03137aca7c98c70a3d63bdaf72e541a6.jpg,83.5
20210919_151309_5b4663fca72a4659aa382948e0ffd106_jpg.rf.556639444b9e1fe062a9596c80246f8c.jpg,83.0
20210919_151310_dd5dd8ce577e4c43a080783543a6be0d_jpg.rf.b2615c114f6c399065d922158f0753da.jpg,75.4
20210919_151311_61836770fd634312847c3d174e71f7f5_jpg.rf.9a9027300e753d28346ef79e7f1b7164.jpg,74.0
20210919_151312-0-_a726927d0a004b06b560096a7484eae2_jpg.rf.ed631c1a17210f77c16d602bc9879a4e.jpg,72.6
20210919_151312_421ecf33821a42929a2cdd25f67cca2b_jpg.rf.1c0d4bbf9732ec48bb1bc6139b188744.jpg,73.5
20210919_151313_8d4b720228fd4c02b57163f3c35354ba_jpg.rf.61c0cc7766cceb7426ac0072889b7c27.jpg,71.0
20210919_151318_cd855f35abb54e56bac60a1953a6a15c_jpg.rf.d9ce15e4288e570f01aec628647f928d.jpg,77.8
20210919_151320_aeff9d3a1ac347308b4ef3286f24cb57_jpg.rf.0af30351f24e10212d2c96f2fca79ba7.jpg,73.3
20210919_151322_16_11zon_36_11zon_2fc165603137411aa560e8d82ee77aee_jpg.rf.0aafe93f2990869463b989cf3464f33e.jpg,85.9
20210919_151322_84add565536b46768b05e8f5a6f57d87_jpg.rf.c05d3aba725a4a0dc5ad50552717b373.jpg,78.9
20210919_151323-0-_65ee25fed5cb44ac943dc02e1cf44e33_jpg.rf.c75da3383233917bdb94a3e1b4f657f0.jpg,76.8
20210919_151323_1_11zon_10_11zon_25_11zon_7_11zon_6_11zon_bde141ab01c34a32bd0e90465a20e574_jpg.rf.f1eece1e7f5306f337f8763d1cac28f3.jpg,79.6
20210919_151323_f5d9f476c2bc44c4976e14bf4fc2e111_jpg.rf.677c93cdb19d19dfa8f65f759fc50cb7.jpg,78.6
20210919_151324_6a795770f5f04cd5bf2530a1f632cd2b_jpg.rf.7739ce7e183227aca39a4a3983c32dc7.jpg,76.1
20210919_151328_9503ff5bc966440a9451b3f41c7c8831_jpg.rf.6d865fdd5f8070702e72f7438970c464.jpg,82.1
20210919_151329_8e780fcc99304871b5e45f95436599fe_jpg.rf.e9aed947efa312780198a15562cba5e5.jpg,85.4
20210919_151330-0-_ca3d6eef73e64bf9b01cd6febe3d7875_jpg.rf.3c492f33533f858b1f4dd777b4c99220.jpg,78.9
20210919_151330_3c6b544bd7e149438e781de91c751d55_jpg.rf.581ff4f0a7001208667cc40c2f76b6cb.jpg,83.2
20210919_151332_5ea0c30f6e984688bffbc1c65d52954d_jpg.rf.823193262dd3e93c8786844ece3f99e9.jpg,80.0
20210919_151332_6_11zon_18_11zon_78b36de93f9047479f11ef82ee928466_jpg.rf.b16df2014696d4b4d5bdf3c285fc23ee.jpg,83.6
20210919_151333_ae6159598a2c47dd830d4d908c4e9297_jpg.rf.c2a5682d5ad70e310ecb8f57a54aceb4.jpg,76.6
20210919_151334_abe3930e974745b38fc650e356e0899c_jpg.rf.1ff687f2137e6d98e5f99ce223146149.jpg,75.3
20210919_151335-0-_617865e5db35477b81243aee7ce5db0a_jpg.rf.e7ec07217df19bfeb27c4875ceb64c49.jpg,76.4
20210919_151337_7e7c6062f43b4b969606343537c9eff2_jpg.rf.7d5ff78b1e1505083fb5d0e9213b2bb4.jpg,75.7
20210919_151343_6e2656e88eb44080a9e254cd7ee0880b_jpg.rf.be3644fcf381ab524702a86f4b2e2928.jpg,82.3
20210919_151344_5628285701d84dc485a3ff4d5e4755f9_jpg.rf.d986b55868c9845fdae3f636ca4ef181.jpg,80.0
20210919_151346_0c6d85be957d495ba5a93f93a5aac4bb_jpg.rf.74a05d625d9bd29aec2bb7b64f18ded0.jpg,82.2
20210919_151347_44887410a15047f3b1de1fde061a7a6d_jpg.rf.7dc5b20b74df137ec3b90c205dae0ab6.jpg,79.3
20210919_151348_181ededd0d104d7e8d6c00dc1a7c892a_jpg.rf.b356d7d20f9328a4910ef434c6909692.jpg,77.9
20210919_151349_1_11zon_10_11zon_17_11zon_31_11zon_7c2f15b5071147bbaacee1dd95990c16_jpg.rf.dc9e739f42b3068047fe1aea0952bf18.jpg,80.4
20210919_151630_d23acdaff63e479788c9a9d199ddf6a0_jpg.rf.dc4e78b0ba958c9a57b638a538aee571.jpg,84.3
20210919_151631_8350c9b9b5084571aaeac74d429698cf_jpg.rf.e3442c99106c1051d72aaefc2747658b.jpg,84.3
20210919_151632_4_11zon_39_11zon_51d4e8ecb8da4b1b8d9247e1fec60b4e_jpg.rf.785d0ce48ec457f05bf2ae0df8b67847.jpg,87.3
20210919_151648_25f98374c73a479a90a5b415e76357e5_jpg.rf.5d0d8dc073ba8425a70b368cc441e3e3.jpg,53.0
20210919_151713_eea268dc23a644c091d52de466772bb0_jpg.rf.fc3b505f6f0c575f12eff49304c342a0.jpg,65.6
20210919_151715_ca60ddb558ef458c8b5f2c34d437dd9e_jpg.rf.bb645fc24536e649fe402d18d5be1cf5.jpg,71.3
20210919_151717_7f6d3d454cf640e08ba55c5f16bc4821_jpg.rf.6ba9e9d34b5daadc3c68a5a6cee588a2.jpg,65.7
20210919_151718_7ecdb27acb9a44299eb102f8b1472644_jpg.rf.8c6d07c2bb66299aea4bcc9c28b8c5bd.jpg,64.9
20210919_151742_60d876692380473282a6187d335b5958_jpg.rf.d8770d5d37558c5688e46ace8996ed2d.jpg,81.9
20210919_151743_4afbebf1603944d181ba4408b0bdf72b_jpg.rf.232e342b79cfecb96242c1ddfdea887c.jpg,82.0
20210919_151958_dd3e915db0f4491b896867897ca5878e_jpg.rf.3a397a88004e8313dbd31551a5fdbb28.jpg,84.9
20210919_151959_a2b0433fc1a44a7cb6b00529fabaa8ca_jpg.rf.a3f732974c7cf2e5db3e5a713ece1f80.jpg,85.1
20210920_171054_5418e7955eb04f24b488602e503dc4da_jpg.rf.a6e8ef09b1cc8bbbf02a3c3cf35a7c2f.jpg,64.9
20210920_171059_e0f220b881cb4a53b24996275d120baf_jpg.rf.32394f72fbe21663d7bc290bf515c720.jpg,50.4
20210920_171106_2b1667926e6f43a3b79d0fd60f6ad99a_jpg.rf.14db693008f6cd80a5baf968d26c1c7b.jpg,55.0
20210920_171107_80cb40b2d1424ecda1157e1fc7d66808_jpg.rf.707a007b780c95ca2afbb4356ce1f96e.jpg,51.4
20210920_171109_a39cda56eee446fdac79a67010f3a492_jpg.rf.edbdc0159c63db94dac6420b867fb7ac.jpg,48.8
20210920_171423_c113dc9e49c945bba665ce2705dc48cf_jpg.rf.939fe8188cb3b188733552163f8d0942.jpg,85.7
20210920_171433_e8460a5809924381aa4da9116e1222c1_jpg.rf.7b7acad03c0da064058f28d24f394b9f.jpg,81.3
20210920_171441_9086995907fd48399daeeab72ad4a93c_jpg.rf.60bb4aff362d8e7f04c65efba548d4bf.jpg,87.5
20210920_171443_7ca0d5a63d6c4dec81a56c29349b5eff_jpg.rf.03e89e648a83c9f4841b5177a13ad29d.jpg,90.1
20210920_171444_8ab15a22e7a54ba1b8943d3880651682_jpg.rf.ee345e630c004fcac6f60c6fffee5051.jpg,91.6
20210920_171449_00c149b90e78456793bb5a34a83d2a23_jpg.rf.7a4a710bd3d001e2709c8e7b312e772b.jpg,90.8
20210920_171449_8_11zon_7_11zon_1063867f1c8f4af88bd59438de6b16f1_jpg.rf.0cb5ccf9f7640469cc53bea9806e6cc1.jpg,90.8
20210920_171453_6f70d5f0efea433fbbf78920a44f96f2_jpg.rf.b399fbf461dde0d6bc4d82202fd7f64e.jpg,92.3
20210920_171453_9_11zon_26_11zon_21_11zon_15_11zon_15_11zon_b31d3eba132a4244a988970313b2a32b_jpg.rf.af213ca39fc2a7943d6cf23e86d47ead.jpg,92.4
20210920_171456_b470dd930cf14e6f82dca2dea6622467_jpg.rf.b8ddbf56d50b3cd8ce43817b2950532f.jpg,89.8
20210920_171502_8e67278137934cac8b55f9deda43a4c2_jpg.rf.d3e41f4de827cc8da83314a8a087000a.jpg,91.3
20210920_171511_88f1cb70f55d45e299b00ef9478b241a_jpg.rf.081a5e1cd2f40399da747236bce556a4.jpg,84.2
20210920_171517_e56039737dc2449a904f787ae6447f83_jpg.rf.32df910c4d1a80f2e6cd56bdd8d6461a.jpg,87.3
20210920_171518_1_11zon_18_11zon_10e5d8190c134bcd9b95c2fa921328ff_jpg.rf.4401f9a8e7316c0325afc5ff35b02dde.jpg,87.7
20210920_171518_a3b64825cdbf40aaad44e9c617a961cf_jpg.rf.9e95613e1d252cd43d246037aaa0d628.jpg,87.8
20210920_171524_71fa037504454565aac679f581055667_jpg.rf.a8bc06000044de13467f676a2ed039fe.jpg,87.1
20210920_171528_2181bd144de94127a9c885e29f1643fc_jpg.rf.4387836656a8bdadef7fd94bfe6fe63a.jpg,85.6
20210920_171531_58982b3dd8bc4e09a3b114a5e815f346_jpg.rf.03fab84777d80beb558ed48560f83c73.jpg,84.5
20210920_171532_e5f51c51ed4d40f3922893363ed1e87c_jpg.rf.2082c324e4cab34277b2bdb37e4392ef.jpg,89.2
20210920_171534_23ca7acc6d2148dcb1e4027aae440576_jpg.rf.d0e87e41e48d86766613d9130d1b9cda.jpg,87.1
20210920_171536_04af7372daa942658eecd989c214da70_jpg.rf.a1f3a526ca50cf9268fa1c695eb11ae2.jpg,89.1
20210920_171541_ebe422401a8e43da95d341ca22428cd5_jpg.rf.d76a3d4ae93f306a7774e32e507e1474.jpg,89.7
20210920_171549_aba3b7bc79124e8e8443e94ed2583ccb_jpg.rf.68daa281042e6eb7071256869aab635f.jpg,59.0
20210920_171550_ace31af1b9aa461285ec1c350ac2887c_jpg.rf.d2595970cd361d811db4777a8b5167f6.jpg,52.3
20210920_171551_1155f4fe205e43e19682183a7df8d3c5_jpg.rf.45db4a72f597ff74c7c293e47cb2ed90.jpg,89.7
20210920_171556_e3c69c0656f044e4a2abe6f637ae291c_jpg.rf.f597b1427ad27299eaed505717dbb1df.jpg,52.4
20210920_171559_9_11zon_6_11zon_31_11zon_27710bc9d45e4050a622e469b17c5127_jpg.rf.401e3e2e01fd208b2859581862e3b04b.jpg,49.5
20210920_171559_9c9fe131060247b89f659f23465ab570_jpg.rf.058a1fc384392ad2a1b8f7b84da97be9.jpg,49.1
20210920_171720_aa5c15d783df475982652231051ebd5a_jpg.rf.f86fca4b3fb094fabdd55a8306f26e4f.jpg,88.6
20210920_171722_0b9eadb735a0409bb043ab41116e394a_jpg.rf.72590e40bf81aa2322c9d5f9d1aa24b0.jpg,89.6
20210920_171727_b41bd6cb518c4de686f857dc5e8359a6_jpg.rf.24e75362e541b74c2e96d23ab37f2de4.jpg,91.3
20210920_171728_811b77bea24a4eeb907a3624a357ee9a_jpg.rf.440a963119f411040f3ab8054ccb1e49.jpg,84.5
20210920_171729_a7b2d3ce18384c11a05aa7001509a419_jpg.rf.1170f259f070dbc2a6c5ebb866d44fa2.jpg,88.4
20210920_171732_5b29467b31234258819a6b6af9aaac42_jpg.rf.e7c4bcc6fd988ba597d9565024a1bee4.jpg,91.3
20210920_171733_9813684bdffb473c8c12417b532b6cd3_jpg.rf.cbc1553738d74521d870082302a47c2e.jpg,90.6
20210922_094718_cb7f286ddaf54346a8c78388c6559965_jpg.rf.0989a383b9e5b972df8674e4d15e4899.jpg,69.1
20210922_094723_0a9a28c3960d41438045e7abbdaf4eb0_jpg.rf.34b828f8490f9ef3177838d13f9c973e.jpg,61.2
20210922_094725_f75a8b63484d457b91f00fad605b0406_jpg.rf.6512257cd993ec0988a446c51992fbae.jpg,68.7
20210922_094726_ce0a842145a64379ae47a16e4de37683_jpg.rf.a97461c366213b3db6a7e13cbd04132c.jpg,68.1
20210922_094728_87ae672d3c904bcdb644aefdc118a30f_jpg.rf.de670a60c98024c9a9500d13d7128f84.jpg,78.1
20210922_094729_3e0b7517b1164ccba40342c9abb0542f_jpg.rf.3dff2bc656d56cfe381ef8a286a4f106.jpg,63.1
20210922_094742_c78e36bbfef3418bbb3d1b4b2e63046c_jpg.rf.eeeca6643a1bc84161820e77ead2364b.jpg,75.8
20210922_094744_542fdd08a28a4b6ebdfe9e2e9cf60fc1_jpg.rf.cbd3d73f6f8bc12bd80958f6b418d5fa.jpg,64.1
20210922_094745_af548c545a104ff590408a98389d22d9_jpg.rf.4d27cae88b93d3c03ba2f5ed734e3cf2.jpg,57.5
20210922_094747-0-_12_11zon_13_11zon_41_11zon_8132828821644089a1fcc76840289c1f_jpg.rf.373e457d7f0e89d90aae2ff3b8849113.jpg,64.1
20210922_094747-0-_a2c4603346ce4ed6b304e8ffd9df6455_jpg.rf.43deed9c29bd74f8841ea22ab3ef1dd4.jpg,60.1
20210922_094752_98d22ee97ce74ebba2ecca168ab372b3_jpg.rf.b7d2259ef0978ca23bc0194a245812b4.jpg,81.3
20210922_094758_2458d6e3c1ca4ec0b20beb966927365b_jpg.rf.ebb803d4cab089f3569552a97916a7d2.jpg,73.8
20210922_094758_3_11zon_41_11zon_bfebad14c3fd476d96a0527c7eaf7411_jpg.rf.b15c97c23a18a002b19a840e75567bc5.jpg,77.7
20210922_094759-0-_5a529821794c48708ab0e7257d3712d4_jpg.rf.dd68cb64eadb61113883a3425e88ccc3.jpg,73.2
20210922_094800_3f0fbfe7c21445cd9d9b4869821b9db4_jpg.rf.829fc38dbc10cd06fbc873e883d734f2.jpg,76.6
20210922_094801-0-_cc22879fc61e4cfaa7c5b2e34034c9c7_jpg.rf.55125251844f8b81ec8bc10d968d0e72.jpg,75.0
20210922_094801_96ce818e79204e81bb73f02758ef10cf_jpg.rf.c4ede311f9df5b3cd78556efaec71012.jpg,75.4
20210922_094802_d0f90129406d4b36a7b45429ce80459c_jpg.rf.b71fa451a44255ecb7e1942dd4508f47.jpg,78.3
20210922_094803_b3a5bfbf731f4224b501ef62e4d92ea8_jpg.rf.40d6965224ea69f7c38127555a8f2d41.jpg,75.3
20210922_094804-0-_2e8a00d8443d4fe6bfb08286230dfa2e_jpg.rf.33cf864d3462ea3634f8b249891f4f90.jpg,76.6
20210922_094804_58a3fe3e2f8540deb54d38746a152a0a_jpg.rf.3e625b763c1e22e1a4f8f57060546b2f.jpg,75.8
20210922_094805_db0a8ceac04b47388ec5ebc57f9157ba_jpg.rf.1cd40a0a6647c6f8f7a8b0bf16fadd33.jpg,78.6
20210922_094809_519375ae7b014767b1fc155078b724bc_jpg.rf.892a4f5ba2c84ddd041cd635a48055fa.jpg,81.8
20210922_094810_b83406b00249434384d2fd18a25955df_jpg.rf.c36eea0be6e2073a179db20da438b2e4.jpg,77.8
20210922_094811_81cd506afdd24ab296c193753e07523f_jpg.rf.42145e4ab7f9eb72d3f84d64a2b28d7d.jpg,69.9
20210922_094812-0-_68e7f8ba155a4ce299812e7de9f7b656_jpg.rf.eec3dd6aaa8fe316226199517eb770c8.jpg,79.8
20210922_094814_a93cb22fca3544dbaef2ada721b1c1e4_jpg.rf.49f024b9ccdca8a291a4ece07a94c914.jpg,76.3
20210922_094815_b9b1c8b1575e4d079d76f3d70f2d2a39_jpg.rf.a6429ce118e89bc8552a960d55d05364.jpg,73.3
20210922_094817_19799431559942f9ab94eee61cb8c2e8_jpg.rf.54a2a629d7acf9fdc796e2f183d4a81b.jpg,69.1
20210922_094820_3c642c5934fc465eb828ca15fcc7db7e_jpg.rf.0a69d749f026e22689260cb85cd12377.jpg,70.6
20210922_094821-0-_0c51da33f85843afbbee155d05f507ce_jpg.rf.e92f5aa6c88b4b60826b02ddae2c1e23.jpg,71.7
20210922_094821_05a3a4556347475eb9d4a17aba0e07b6_jpg.rf.1f706562e58f779401c56e3639db9079.jpg,73.1
20210922_094822_185b7438aaf54a7c9a7c6fedcefd7487_jpg.rf.508a5830114fe8284a4d3f187da043c5.jpg,76.4
20210922_094823_5440539ce2424374a06141ce649a587f_jpg.rf.03ded69b4ca4e12877cb218787b8fcca.jpg,76.9
20210922_094824-0-_48e9b5ab550c440e85c66713086d760b_jpg.rf.20de0ffe8e8e61a39ca63dbf326a22d1.jpg,73.7
20210922_094824_15_11zon_8_11zon_9_11zon_2_11zon_3_11zon_aa4194da1ad14ecc95d670adf578c842_jpg.rf.3f4ab2a84819158cd513c05eea74108a.jpg,88.6
20210922_094824_9ac5e7ec362d41adb496a5487a0b413b_jpg.rf.fe8bd0c94e59e5dcccc04b2620927832.jpg,77.2
20210922_094827-0-_bc83105b8f304cfe83a44036aa259e93_jpg.rf.b1ce92109e943ee3e1ca30c6300e3d64.jpg,77.5
20210922_094827_ef92b72f81064e3cba3b6404acfe65e1_jpg.rf.dd33d86804b3a712af4062a131039fae.jpg,75.1
20210922_094828_c49b196499e94328b629a1988b3a7adc_jpg.rf.2cd5f671152f7509febf18d69b33b763.jpg,73.9
20210922_094829-0-_1_11zon_9_11zon_33_11zon_38_11zon_ae779fc6a09a47c88fc5ddc03c4bf695_jpg.rf.9132dc4807aa3d58333baaf7fb352af9.jpg,82.4
20210922_094829-0-_a403dc22474b4c78b401ece57b07e3c8_jpg.rf.220bbfa5702669ed867f9bcab1b9d7eb.jpg,72.4
20210922_094829_740b62a0d4ff457c9f4f24cf56516376_jpg.rf.c98f72c79c97f62b3b2925f555462437.jpg,72.9
20210922_094830-0-_e864192498a34194b3f4e786f6593d41_jpg.rf.e181f26768a13c0d45acc7db93c73b4c.jpg,75.2
20210922_094830_3_11zon_1_11zon_311a8b3e70804cebbff55c891aa5c5cd_jpg.rf.dc2b593f1c5e8a3bcbcf00f9bf0cf7e2.jpg,84.3
20210922_094830_7ba11523fcc844d2b58efb1ef7f8ffa4_jpg.rf.8356e0bda8bf8586def22d87bca63299.jpg,73.9
20210922_094831_3f08ce52181a4b978642045964ddc796_jpg.rf.1610f37b2e3011a196a0254df3667c8f.jpg,76.6
20210922_094832-0-_e9e7a9e4d37146a084b8ac09d66e9fad_jpg.rf.774d02a6da5e394f2c844922c1cec229.jpg,71.6
20210922_094832_6_11zon_16_11zon_44_11zon_a2f47671936a49ccac9886895ff34459_jpg.rf.8b86e13c25691484e81f5e42732cec5b.jpg,85.8
20210922_094832_73d76181d94e417f9ba87157b8f030e7_jpg.rf.9e6c4a4e90fce06aaa75eebe355d3ef8.jpg,75.2
20210922_094833_ed57baf0d95e431484de0249bc0e2d4e_jpg.rf.6f87dd65657f42e6fe567a4378070cee.jpg,71.9
20210922_094834-0-_14bf5a12843d4f43bbcc585976e519be_jpg.rf.1d96b4bbb5917ba4c7863c0c10b0cc1f.jpg,73.3
20210922_094834_9_11zon_35_11zon_28_11zon_24_11zon_7576ec4889ba447baa5d7cd0bddf35e9_jpg.rf.a340b6595996bd9206eef236f1ba8fea.jpg,83.2
20210922_094834_d799eadf34b14ebf90109e380df760df_jpg.rf.43e52c687a1fd553f3123fdf4474c812.jpg,78.9
20210922_094837-0-_6b7d27b7678d4528902a7e2587cce62e_jpg.rf.17a8fdde1241df5bad5dc2312333e53e.jpg,80.3
20210922_094837_60cb13be808643848bc786865087d318_jpg.rf.b7623693d32cea18f1e2b642376ba356.jpg,74.3
20210922_094839_15469fc54ec646a2b2149a4f215a7213_jpg.rf.d97bba0e1e7b10f6de4483c88494fa79.jpg,77.7
20210922_094840-0-_d94bf9a82800432496c8bb38afd68ed9_jpg.rf.7c950a003625a5d5a9a77a3ba8af4fd6.jpg,62.2
20210922_094840_77c7ad93a05543118cd2f8e33a0a647c_jpg.rf.110e2d8838d309cda8db13739f00f876.jpg,65.7
20210922_094842-0-_3bbbfa9da0254fe3a46a43aba675f537_jpg.rf.994a806a619d55a01ba41153f071401f.jpg,73.3
20210922_094842_8c3bf55f2391477eaf58881e6a12783d_jpg.rf.cd1296d55456bf8893d7493d8ad1eedf.jpg,70.2
20210922_094843_681e0b6110b84388b3204fe47014cf44_jpg.rf.3b4d026154b455c762af6bd339edd0fa.jpg,74.0
20210922_094844-0-_cae1e34e92044fe9bf6e50654c521df0_jpg.rf.d7ff2e8704f34bd603f9ca6711248d3c.jpg,72.6
20210922_094845_badc6a3e11b64141954d224ae7fa6e58_jpg.rf.a6046009aeadc3c4022bae73eeabe53e.jpg,73.5
20210922_094846_a70fc2e37f1f43f49d10defb276946bb_jpg.rf.c3a012b10842639cf106402624fb4c8b.jpg,85.0
20210922_094847_5badaee6c9bd4c339b8632aa8d714462_jpg.rf.2fdaf355e90f4e93e75135110338eb32.jpg,72.2
20210922_094848_dd3a22ca475343da99fa9cb168c4fb59_jpg.rf.b37833ca7791d665f5b116772a3f7172.jpg,67.9
20210922_094849_59e1c6414cd0491c83546ca6606563ce_jpg.rf.4796a367599932c39067fda824d74aea.jpg,55.9
20210922_094852_83370efde7314fbf8e10b2a4c623441d_jpg.rf.f583e22bdc15ce5b1caa9571f1d542a6.jpg,64.2
20210922_094855_85a163eac91e4f33acde60abecf02d60_jpg.rf.c9764ae6ad8fba9e74e77cf884ed6bbc.jpg,81.6
20210922_094856_5bdd157d28c045f6bc4f2bf1fc1b365d_jpg.rf.e93b56148336534e4318bba6e4d2cf11.jpg,72.9
20210922_094858_18fad6e1cc9e4df4b6947a612401840c_jpg.rf.8fed15a46220256d6e2020b49ae50e16.jpg,64.9
20210922_094858_4_11zon_40_11zon_a5785fc05c414c07a1532b1a22d41e62_jpg.rf.687712d8dae686e7544df6d991f2d916.jpg,64.9
20210922_094859_5_11zon_2_11zon_13_11zon_34_11zon_97a064d55a90495792f29bd1636a7058_jpg.rf.affe8b14644a712cea3c4d7f50073864.jpg,68.7
20210922_094901_ac6c42cd24ef4b71a8a62397dea134d6_jpg.rf.6bec61cc6028a91e00e1010a2643e069.jpg,66.8
20210922_094902_a83cb8c60a834d7880105a4e15faf19f_jpg.rf.22f82d79b0a5cd2c631b3156a3c2899d.jpg,66.2
20210922_094903_9592d108534046b3b41b2255946230a4_jpg.rf.8890e0ba5c8e48c18a8c232fb1b9d8df.jpg,68.6
20210922_094915-0-_2b9fd8c415e9442ea019f7bcbd01f665_jpg.rf.6556a577f6f3c73d41d27ebdbfa5aaec.jpg,91.7
20210922_094915_1b86fd4db27846eab89936e1f7baeb57_jpg.rf.ae6edfebbd1cff767477b6ef11ea70d6.jpg,90.5
20210922_094916_36b3abaaca8e4d70bdb25d62cc5421f1_jpg.rf.5f813325817371b3dd6a3103b1467548.jpg,92.7
20210922_094917_13ca18392af9433dbb4520068cad067e_jpg.rf.ed2413236569e75fa158070184a1be11.jpg,91.0
20210922_094918_fa7f197fd8354c638de70570752dfefc_jpg.rf.43e5a896afaeb11ad83fdede58f5ca5d.jpg,91.8
20210922_094919_aca9601d5d0943939651c5cc65135ab3_jpg.rf.a5ce6dea730dbc744a2b5c9872c6f862.jpg,91.0
20210922_094926-0-_96b903452015471bb1b2eca433e6869d_jpg.rf.0c09c1b05895be7720d703350e69f555.jpg,73.2
20210922_094928_022cff0d74a44ac4882bf20486942ed2_jpg.rf.6f000a6f5c4b13fda324298b657c4b39.jpg,83.5
20210922_094929_ae1decc6486e409897a78d4869dcb28b_jpg.rf.c5c6b14cdf40357447008f1f86a1e1cf.jpg,89.4
20210922_094930_bb8884a994ef4a7abf94e7debf5ba78c_jpg.rf.ba89d86261d6d2876292d5bddf019936.jpg,89.4
20210922_094931_c3c06d0d3f714a50acca6250619ab745_jpg.rf.a1a805aa04f131f4a0f90b7784db9738.jpg,89.5
20210922_094938_4ca38cb444e64885834e983d03185df2_jpg.rf.95c8ddfacd1e4ae52c37c3ae4fc36a6b.jpg,80.1
20210922_094939_b60f64f59e614fb79c7b4a9084a1224e_jpg.rf.6fcd3d1ad246b13b1fe964b260f5dd61.jpg,80.5
20210922_094944_5fa8577446934be1bcfc61fb4657d850_jpg.rf.3e30cbb1f40e368050e36e2fb2e26d33.jpg,71.8
20210922_094947_43c5b66905f140ba8d43377e305ebe0b_jpg.rf.f3968f6b33b4922fe6891dd792d8eaa2.jpg,68.5
20210922_094948_79a4564b310a4e8ba51b8435e810284f_jpg.rf.66ff5f663b1b2df0155753f4410f9d99.jpg,71.3
20210922_094949_1b23ec26be404685a5c2f16eef934e49_jpg.rf.28ea53db2e25de71d16c19ccc2354573.jpg,71.3
20210922_094950_f9d822a9bd4c4baf87be361e8a1c4214_jpg.rf.47924de402208cf3583ca116f23bf22f.jpg,70.0
20210922_094951-0-_70bb47acdb7742d9aac22566d65b73c2_jpg.rf.2f0eb4ad531f763cefa500f58312e350.jpg,74.4
20210922_094951_28bfefce8c7d491ea0b13c2700eda4d2_jpg.rf.d27869d0f7674de7413f5131ebd1ca06.jpg,67.6
20210922_095003_16_11zon_33_11zon_25_11zon_23_11zon_7189f61193144901bb1774e73ac5a338_jpg.rf.52803189fa4b9afc225b1fd7e2f2ce78.jpg,85.3
20210922_095003_ce54bcc8eb3f45438dc30901614ce91f_jpg.rf.2eeb752992200afa529e0409d2b28212.jpg,82.1
20210922_095004_591e685b800741dc97d367ced93dcd93_jpg.rf.ea03f4a3e243251b7b76f8cefba52dc3.jpg,82.9
20210922_095005_2_11zon_28_11zon_31_11zon_19_11zon_55ab41ed291946cb89159408634df804_jpg.rf.b965e58aae1096fce55a33a4f256e1b0.jpg,82.5
20210922_095005_8136dc7344624c248535f027671726be_jpg.rf.91bdf1dce2f5d3f6f5ccd7a260c48363.jpg,79.7
20210922_095009_0fae3c4e098d451c962a0ae77de9bf37_jpg.rf.7590908fb7e997053b840dfa9f909a3b.jpg,57.5
20210922_095011_e160c11d53c0433abcaa40c4491a3486_jpg.rf.72a78ce04bdab7a4dc9f028934d48001.jpg,65.9
20210922_095014_e221535c663c4ef1ac0b04eb83178ab7_jpg.rf.0a2d19d7133c02036481632b5c7c88cf.jpg,62.1
20210922_095032_96b4e901d67140eb9049d1f99bb5ee3f_jpg.rf.5f29e5aa33fcbb064b422204d5fbff5e.jpg,78.1
20210922_095036_7_11zon_20_11zon_32_11zon_9_11zon_10_11zon_0f7b23f6379c42ec932837e55e7f2828_jpg.rf.7893164fa0a7e3e7d9946540bfff299d.jpg,89.9
20210922_095036_b0ef53f7f3c945cf839f40c259ab2058_jpg.rf.e12e0deb9ef5e7e29347b6854276b5a2.jpg,81.2
20210922_095038_470edc53e024436a9c1347026eb03eec_jpg.rf.b849447db487236068910443d7f8766e.jpg,84.9
20210922_095039_39e54fbb20a6413a82e5c93d72613d9d_jpg.rf.9040a9ccb5dd355e1e49c036f9af085d.jpg,81.4
20210922_095040_3479e0699bdf4415bdd2b146885b278f_jpg.rf.fd96dffb4b7f3f1e6528c78575150790.jpg,81.9
20210922_095042_1a8dd48b74d848a99fa5df275c89138a_jpg.rf.a8c2f49c8a40cf2e421c16754b999af8.jpg,83.4
20210922_095044_e632db4723524e67bd78477119343d1d_jpg.rf.47354aaa34dc7828ad9460361e09b70c.jpg,83.9
20210922_095046_37c0c3faa17c4eadba3382e04fe219d7_jpg.rf.c32bf76e0b87c1506efa33af167502ac.jpg,77.2
20210922_095049_0cd0ccbb2ecb473d8beafeaf07a11dc9_jpg.rf.0c93cc7d6bc9481366e8208f42cfebc5.jpg,72.6
20210922_095050_8bceeec76079427db6d7ddf4f490937d_jpg.rf.bf82200aef3824482e2785036a6e705d.jpg,70.4
20210922_095055_511fdccf40ca45e398aef32154f3bba7_jpg.rf.7cce1c4ccdd179cada357e05dedcc13a.jpg,66.7
20210922_095056_5dfb6f04ca494c91876a8c51cf160b57_jpg.rf.ddc0e1080c9352b8a3cf36b7dd7f5550.jpg,63.0
20210922_095057_73b21e67f66b4c068770373eec87ac61_jpg.rf.409f0f88ae7732e142fa9c9bf9bcc5a4.jpg,60.5
20210922_095100_901ade137e094891b853463bf5ce6956_jpg.rf.754de956f559cc80475d1e700d2819bd.jpg,61.3
20210922_095102_3c654fa40e4645c7aa704e4b0a9e78dd_jpg.rf.7fdf5c9b378033b9c62ec93800811c5b.jpg,54.7
20210922_095128_1fc8200198be4f4f8962c0b80868c532_jpg.rf.fb89fc90fae0c69e7984c80b59d49f46.jpg,48.2
20210922_095129_b65bf46410194a74a3c835f4bb2c8164_jpg.rf.1b15c7e8b3109b45239440258ed5a64d.jpg,71.4
20210922_095130_3eb422956a5a4dc080858ea3c893ac5b_jpg.rf.f05fa756460b0b80246898273d8317b7.jpg,73.9
20210922_095131_323eed7f2c914aefb5cf0454d8f066a3_jpg.rf.26352ac5bffeb4af6029c1cf08430611.jpg,76.8
20210922_095133_4e8021c351914723a8d270ce95db5f86_jpg.rf.6a7252a4eb8d5247d170f3142369418f.jpg,64.4
20210922_095140_7bac2c9c137b462ab4e998a8c521c4b1_jpg.rf.39e7f8b7e1f08018f3a2a69e73001f35.jpg,60.8
20210922_095142_79ab1fe34847432c969b3ca561c38835_jpg.rf.babde93aae880dc9e48eaa23913815f7.jpg,66.3
20210922_095152_948166f1b7a646d19103a53123031b3f_jpg.rf.29a21f7b121bc74bc4f446ad24a1fc2a.jpg,60.9
20210922_095153_db6ce0e4a0064677bd8f0cead0a6efe5_jpg.rf.a131b39f23c403f402d5f2e5edc306a9.jpg,80.6
20210922_095154_091bc9002d5c4807b016224b58d1bac2_jpg.rf.e125a15cf029a7a4d5bab8b27df39052.jpg,64.7
20210922_095155_33e9330534014929b02d7d3d83704720_jpg.rf.e87ecfcbb3c9f13d3136dd27449bfd58.jpg,82.5
20210922_095156_bad43c49a470483cbfd08c984a964d52_jpg.rf.8138fc24ed1bbc4eb617697ea28ffbc9.jpg,67.5
20210922_095200_4fae5eed2c1c4665859c4fa429556f14_jpg.rf.d3ee51300defe79f27311813f5ccf41b.jpg,74.6
20210922_095201_086b2cf7a4d24b98bee173c9e9898aa0_jpg.rf.9f9bc19fc5316518816d310698706758.jpg,61.9
20210922_095202_12_11zon_12_11zon_43_11zon_39_11zon_a4fdd60b04774de7b432cc1b6f29203d_jpg.rf.a752ce018f8b223f703646d5dfc7bcbb.jpg,75.3
20210922_095203_bb4ebfcd63b749d9aecd36dc4ce24803_jpg.rf.18b3081d9caf5fe4f65df1fea302a5c7.jpg,66.9
20210922_095204_43bf00b66e684bc58abe24c5de533281_jpg.rf.b97c9d2b26f45b4ad89309b5d064bf96.jpg,64.4
20210922_095205_6dd4efd456ae44e7a83d6244728564b8_jpg.rf.2101606507ef4b3e9c3a48eee8d7fdd6.jpg,62.3
20210922_095206_48d4ce70f4e94cdf8317c23f40c447a3_jpg.rf.fcaf264910eb9ee01af895c60789cf15.jpg,67.8
20210922_095207_16_11zon_40_11zon_21_11zon_25_11zon_f5813f07c1ac4abd947749067deab293_jpg.rf.b9f6dc4269e5d85cb4f73168a58c71ac.jpg,67.5
20210922_095207_ba7acac93acf46abafe3dbb64e1ffda5_jpg.rf.f7484eb8a2ab91f3b2aeb7809e53d296.jpg,68.9
20210922_095208_0171d10bcf0a4e6595a118a9b9d5de72_jpg.rf.1ee796e37f3be4f28a0f3db57ccef72d.jpg,81.5
20210922_095211_203becb2ba474296934d3b40b844d23a_jpg.rf.73a73c1ec9d311ddc6e47ad5811893e0.jpg,79.5
20210922_095212_1_11zon_25_11zon_12_11zon_13_11zon_12_11zon_cd5c84998ea1490e87552b378cc9ed2d_jpg.rf.7b5a00dee16a10670890cdee57fafed7.jpg,65.1
20210922_095212_f73bc5667efc4a36b6270ac6ef69c38c_jpg.rf.c3da1a124c08ead948f473bdc3b81f70.jpg,65.0
20210922_095214_53cf4f394605429d80f242de2a4a38ce_jpg.rf.8982632f403c5c6946ef12390049c047.jpg,79.3
20210922_095215_2_11zon_4_11zon_7_11zon_32_11zon_329dea56d2604f90ad9c51e5fb45f0ba_jpg.rf.3a1266ea3a0a49e4951e66d0f7eef38a.jpg,85.7
20210922_095215_c4a032577b5d44c397de22ea74eed2bb_jpg.rf.81cef789a0334c91dffcdda6dedbc4fa.jpg,80.5
20210922_095220_a44940a989ac43afa4a23ca62708cce7_jpg.rf.fae186a51fed2e03889d578d413b4614.jpg,64.6
20210922_095221_1f01be001e2a4367b700068dcde93bbc_jpg.rf.740ed473eb060c05d68cd711ae7a4584.jpg,64.0
20210922_095222_6_11zon_3_11zon_21_11zon_ea80baa4976b4fa99615a1c783cdccc2_jpg.rf.a53eda9ad9a0289a8b734db592a62ea1.jpg,91.0
20210922_095225_ca88b3602f9648a8be85fffddb34224a_jpg.rf.f71369d69cb00c21503b1bc75b41ad3d.jpg,83.5
20210922_095226_10_11zon_27_11zon_35_11zon_93c3925530bd4841b2b82b74ee112790_jpg.rf.27292dd613644fccbd6d32563864c885.jpg,91.8
20210922_095226_22fd86be9cc841c1bdaf2169ef0c7fd0_jpg.rf.cbac90a4ae1dbd20fa909d9d40951649.jpg,88.4
20210922_095230_12_11zon_28_11zon_6_11zon_29_11zon_c3d6074e876944bfb4b31412d3fbfd87_jpg.rf.231956e52b0ab3689e1dc16ca6257e8f.jpg,73.9
20210922_095231_c6e19a48961a44e98dd1478bd390d412_jpg.rf.764962926789e68492017dc70a75db6e.jpg,72.1
20210922_095234_8d8e3eed6143407f84eef089492da876_jpg.rf.f39fe1291d652c27d9399272766554cb.jpg,69.9
20210922_095236-0-_1a17266a2d954dd09fdbb03e63052f27_jpg.rf.b5644d0634d96bdabc28068b239e73bd.jpg,70.7
20210922_095236_39a83208057f43ff9b2e32095d78032e_jpg.rf.4a57e71c2fc91f779043002edfcbac30.jpg,32.8
20210922_095241_24a47f15c7524014b68cc7254441023d_jpg.rf.a01a6b6beaccd1097b97d798575ed8d7.jpg,42.3
20210922_095245_1e985303967c4171b828bad62a6fc8bc_jpg.rf.ccd2d5d98e1c85ac6b61998974693567.jpg,57.2
20210922_095248_5c15bc15c50c4eb0a9c8db01cf3f7a03_jpg.rf.a2cdbefb8b15c09e13eec26e32a5fc54.jpg,68.7
20210922_095250_d4b928942b8a4ef8b0a56f38453fca19_jpg.rf.ac6389fff7e41b6e5ca6ad086e6ff32f.jpg,68.0
20210922_095251_3df83ec1550843ba996e81c8d1aa9cba_jpg.rf.b09cc5c78ef1eff28f5461627e23d655.jpg,69.7
20210922_095252_5ec5cc31348c44018a1616c694954ebe_jpg.rf.700cba7d3180f750dafa34deb3005a34.jpg,71.1
20210922_095255_51970832dec746ebbd1062f66851b1f8_jpg.rf.e7d58d7c692029f1886fdcba11b698b8.jpg,68.2
20210923_163210_4_11zon_16_11zon_50d2d82b565345d9b728acc28a68319a_jpg.rf.9b65020edb3275709f5c4ecf0fff9c49.jpg,80.4
20210923_163516_1_11zon_10_11zon_7_11zon_10_11zon_11_11zon_b3f7d1e772194599aa5ec617dd5788ad_jpg.rf.d8075bf6fd65a2a12aeda21c3f009607.jpg,51.1
image0001.png,56.8
